{
    "rmse": 4673.923803631191,
    "mse": 2594.3133270401936,
    "r2 score": 0.8453793030492893,
    "normalized rmse": 0.07460441066472896
}