{
    "rmse": 4675.565059357,
    "mse": 2595.79569711147,
    "r2 score": 0.8452706933795129,
    "normalized rmse": 0.07463060812136678
}