{
    "rmse": 4683.670644294896,
    "mse": 2603.331636885456,
    "r2 score": 0.8447337492281441,
    "normalized rmse": 0.07475998814825444
}