{
    "rmse": 4670.124104162313,
    "mse": 2604.3200741935902,
    "r2 score": 0.845630600842604,
    "normalized rmse": 0.0745437604805393
}