{
    "rmse": 5409.560104769565,
    "mse": 3336.0422695983743,
    "r2 score": 0.7928770268894185,
    "normalized rmse": 0.08634651751451794
}