{
    "rmse": 4676.233052685742,
    "mse": 2612.2920125638398,
    "r2 score": 0.8452264781770256,
    "normalized rmse": 0.07464127052210598
}