{
    "rmse": 4670.213189724717,
    "mse": 2607.0001484256036,
    "r2 score": 0.8456247113991545,
    "normalized rmse": 0.07454518244977995
}